iter	MultiClass
0	2.691078558
1	2.443159036
2	2.252907954
